{
    "platform": "PC",
    "sounds": [
        {
            "hash": "CHAR/DARKP_M/DEATH/***RANDOM***/0",
            "sample_index": 0,
            "flags": 0
        },
        {
            "hash": "CHAR/DARKP_M/DEATH/***RANDOM***/1",
            "sample_index": 1,
            "flags": 0
        },
        {
            "hash": "CHAR/DARKP_M/FLYBEGIN",
            "sample_index": 2,
            "flags": 0
        },
        {
            "hash": "CHAR/DARKP_M/FLYEND",
            "sample_index": 3,
            "flags": 0
        },
        {
            "hash": "CHAR/DARKP_M/JUMP",
            "sample_index": 4,
            "flags": 0},
        {
            "hash": "CHAR/DARKP_M/JUMP",
            "sample_index": 5,
            "flags": 0
        },
        {
            "hash": "CHAR/DARKP_M/LAND",
            "sample_index": 6,
            "flags": 0
        },
        {
            "hash": "CHAR/DARKP_M/P1_POWER",
            "sample_index": 7,
            "flags": 0
        },
        {
            "hash": "CHAR/DARKP_M/P2_POWER",
            "sample_index": 8,
            "flags": 0
        },
        {
            "hash": "CHAR/DARKP_M/P3_POWER",
            "sample_index": 9,
            "flags": 0
        },
        {
            "hash": "CHAR/DARKP_M/P10_CHARGE",
            "sample_index": 10,
            "flags": 0
        },
        {
            "hash": "CHAR/DARKP_M/P10_POWER",
            "sample_index": 11,
            "flags": 0
        },
        {
            "hash": "CHAR/DARKP_M/P7_POWER",
            "sample_index": 12,
            "flags": 0
        },
        {
            "hash": "CHAR/DARKP_M/P5_POWER",
            "sample_index": 13,
            "flags": 0
        },
        {
            "hash": "CHAR/DARKP_M/P9_POWER",
            "sample_index": 14,
            "flags": 0
        },
        {
            "hash": "CHAR/DARKP_M/P8_CHARGE",
            "sample_index": 15,
            "flags": 0
        },
        {
            "hash": "CHAR/DARKP_M/P8_POWER",
            "sample_index": 13,
            "flags": 0
        },
        {
            "hash": "CHAR/DARKP_M/P9_CHARGE",
            "sample_index": 16,
            "flags": 0
        },
        {
            "hash": "CHAR/DARKP_M/P11_CHARGE",
            "sample_index": 17,
            "flags": 0
        },
        {
            "hash": "CHAR/DARKP_M/PAIN/***RANDOM***/0",
            "sample_index": 18,
            "flags": 0
        },
        {
            "hash": "CHAR/DARKP_M/PAIN/***RANDOM***/1",
            "sample_index": 19,
            "flags": 0
        },
        {
            "hash": "CHAR/DARKP_M/PICKUP",
            "sample_index": 20,
            "flags": 0
        },
        {
            "hash": "CHAR/DARKP_M/THROW",
            "sample_index": 21,
            "flags": 0
        }
    ],
    "samples": [
        {
            "file": "darkp_m\\death.wav",
            "format": 106,
            "sample_rate": 22050
        },
        {
            "file": "darkp_m\\death1.wav",
            "format": 106,
            "sample_rate": 22050
        },
        {
            "file": "darkp_m\\flybegin.wav",
            "format": 106,
            "sample_rate": 22050
        },
        {
            "file": "darkp_m\\flyend.wav",
            "format": 106,
            "sample_rate": 22050
        },
        {
            "file": "darkp_m\\jump.wav",
            "format": 106,
            "sample_rate": 22050},
        {
            "file": "darkp_m\\jump2.wav",
            "format": 106,
            "sample_rate": 22050
        },
        {
            "file": "darkp_m\\land.wav",
            "format": 106,
            "sample_rate": 22050
        },
        {
            "file": "darkp_m\\p1_charge.wav",
            "format": 106,
            "sample_rate": 22050
        },
        {
            "file": "darkp_m\\p6_charge.wav",
            "format": 106,
            "sample_rate": 22050
        },
        {
            "file": "fordarkp_m\\p3_power.wav",
            "format": 106,
            "sample_rate": 22050
        },
        {
            "file": "darkp_m\\p4_chargex.wav",
            "format": 106,
            "sample_rate": 22050
        },
        {
            "file": "fordarkp_m\\p10_power.wav",
            "format": 106,
            "sample_rate": 22050
        },
        {
            "file": "darkp_m\\p2_power.wav",
            "format": 106,
            "sample_rate": 22050
        },
        {
            "file": "fordarkp_m\\p5_power.wav",
            "format": 106,
            "sample_rate": 22050
        },
        {
            "file": "darkp_m\\p3_charge.wav",
            "format": 106,
            "sample_rate": 22050
        },
        {
            "file": "fordarkp_m\\p8_charge.wav",
            "format": 106,
            "sample_rate": 22050
        },
        {
            "file": "darkp_v\\XTREME2.wav",
            "format": 106,
            "sample_rate": 22050
        },
        {
            "file": "fordarkp_m\\p11_charge.wav",
            "format": 106,
            "sample_rate": 22050
        },
        {
            "file": "darkp_m\\pain.wav",
            "format": 106,
            "sample_rate": 22050
        },
        {
            "file": "darkp_m\\pain1.wav",
            "format": 106,
            "sample_rate": 22050
        },
        {
            "file": "darkp_m\\pickup.wav",
            "format": 106,
            "sample_rate": 22050
        },
        {
            "file": "darkp_m\\throw.wav",
            "format": 106,
            "sample_rate": 22050
        }
    ]
}