<packagedef>
    <xml filename="data/missions/act1_atlantis"/>
    <xml filename="data/missions/act1_heli"/>
    <xml filename="data/missions/act1_mandarin"/>
    <xml filename="data/missions/act1_omega"/>
    <xml filename="data/missions/act1_stark"/>
    <xml filename="data/missions/act2_mephisto"/>
    <xml filename="data/missions/act2_murder"/>
    <xml filename="data/missions/act2_strange"/>
    <xml filename="data/missions/act3_asgard"/>
    <xml filename="data/missions/act3_bifrost"/>
    <xml filename="data/missions/act3_niffleheim"/>
    <xml filename="data/missions/act3_valhalla"/>
    <xml filename="data/missions/act4_attilan"/>
    <xml filename="data/missions/act4_shiar"/>
    <xml filename="data/missions/act4_skrull"/>
    <xml filename="data/missions/act5_doom"/>
    <xml filename="data/missions/act5_doomstark"/>
    <xml filename="data/missions/autotestquests"/>
    <xml filename="data/missions/missions"/>
</packagedef>
