{
    "platform": "PC",
    "sounds": [
        {
            "hash": "CHAR/THOR_M/DEATH",
            "sample_index": 0,
            "flags": 31
        },
        {
            "hash": "CHAR/THOR_M/JUMP",
            "sample_index": 1,
            "flags": 31
        },
        {
            "hash": "CHAR/THOR_M/LAND",
            "sample_index": 2,
            "flags": 31
        },
        {
            "hash": "CHAR/THOR_M/PICKUP",
            "sample_index": 3,
            "flags": 31
        },
        {
            "hash": "CHAR/THOR_M/P1_CHARGE",
            "sample_index": 4,
            "flags": 31
        },
        {
            "hash": "CHAR/THOR_M/P1_POWER",
            "sample_index": 5,
            "flags": 31
        },
        {
            "hash": "CHAR/THOR_M/P2_CHARGE",
            "sample_index": 6,
            "flags": 31
        },
        {
            "hash": "CHAR/THOR_M/P2_IMPACT",
            "sample_index": 5,
            "flags": 31
        },
        {
            "hash": "CHAR/THOR_M/P2_POWER",
            "sample_index": 7,
            "flags": 31
        },
        {
            "hash": "CHAR/THOR_M/P3_CHARGE",
            "sample_index": 8,
            "flags": 31
        },
        {
            "hash": "CHAR/THOR_M/P3_IMPACT",
            "sample_index": 5,
            "flags": 31
        },
        {
            "hash": "CHAR/THOR_M/P3_POWER",
            "sample_index": 9,
            "flags": 31
        },
        {
            "hash": "CHAR/THOR_M/P4_CHARGE",
            "sample_index": 10,
            "flags": 31
        },
        {
            "hash": "CHAR/THOR_M/P4_POWER",
            "sample_index": 11,
            "flags": 31
        },
        {
            "hash": "CHAR/THOR_M/P4_RELEASE",
            "sample_index": 12,
            "flags": 31
        },
        {
            "hash": "CHAR/THOR_M/P5_CHARGE",
            "sample_index": 6,
            "flags": 31
        },
        {
            "hash": "CHAR/THOR_M/P5_IMPACT",
            "sample_index": 5,
            "flags": 31
        },
        {
            "hash": "CHAR/THOR_M/P5_POWER",
            "sample_index": 13,
            "flags": 31
        },
        {
            "hash": "CHAR/THOR_M/P6_POWER",
            "sample_index": 14,
            "flags": 31
        },
        {
            "hash": "CHAR/THOR_M/P7_POWER",
            "sample_index": 7,
            "flags": 31
        },
        {
            "hash": "CHAR/THOR_M/PAIN/***RANDOM***/0",
            "sample_index": 15,
            "flags": 31
        },
        {
            "hash": "CHAR/THOR_M/PAIN/***RANDOM***/1",
            "sample_index": 16,
            "flags": 31
        },
        {
            "hash": "CHAR/THOR_M/PAIN/***RANDOM***/2",
            "sample_index": 17,
            "flags": 31
        },
        {
            "hash": "CHAR/THOR_M/THROW",
            "sample_index": 18,
            "flags": 31
        },
        {
            "hash": "CHAR/THOR_M/FLYBEGIN",
            "sample_index": 19,
            "flags": 31
        },
        {
            "hash": "CHAR/THOR_M/FLYEND",
            "sample_index": 20,
            "flags": 31
        },
        {
            "hash": "CHAR/THOR_M/P1_CHARGE_LOOP",
            "sample_index": 21,
            "flags": 31
        },
        {
            "hash": "CHAR/THOR_M/P9_CHARGE",
            "sample_index": 12,
            "flags": 31
        }
    ],
    "samples": [
        {
            "file": "thor_m\\DEATH3_G.wav",
            "format": 106,
            "sample_rate": 22050
        },
        {
            "file": "thor_m\\JUMP.wav",
            "format": 106,
            "sample_rate": 22050
        },
        {
            "file": "thor_m\\LAND.wav",
            "format": 106,
            "sample_rate": 22050
        },
        {
            "file": "thor_m\\LIFT_SHORT2.wav",
            "format": 106,
            "sample_rate": 22050
        },
        {
            "file": "thor_m\\P1_charge.wav",
            "format": 106,
            "sample_rate": 22050
        },
        {
            "file": "thor_m\\P2_impact.wav",
            "format": 106,
            "sample_rate": 22050
        },
        {
            "file": "thor_m\\P2_charge.wav",
            "format": 106,
            "sample_rate": 22050
        },
        {
            "file": "thor_m\\P2_power.wav",
            "format": 106,
            "sample_rate": 22050
        },
        {
            "file": "thor_m\\P3_charge.wav",
            "format": 106,
            "sample_rate": 22050
        },
        {
            "file": "thor_m\\P3_power.wav",
            "format": 106,
            "sample_rate": 22050
        },
        {
            "file": "thor_m\\P4_charge.wav",
            "format": 106,
            "sample_rate": 22050
        },
        {
            "file": "thor_m\\P4_power.wav",
            "format": 106,
            "sample_rate": 22050,
            "flags": 1
        },
        {
            "file": "thor_m\\P4_release.wav",
            "format": 106,
            "sample_rate": 22050
        },
        {
            "file": "thor_m\\P5_power.wav",
            "format": 106,
            "sample_rate": 22050
        },
        {
            "file": "thor_m\\P6_power.wav",
            "format": 106,
            "sample_rate": 22050
        },
        {
            "file": "thor_m\\PAIN.wav",
            "format": 106,
            "sample_rate": 22050
        },
        {
            "file": "thor_m\\PAIN4.wav",
            "format": 106,
            "sample_rate": 22050
        },
        {
            "file": "thor_m\\PAIN6.wav",
            "format": 106,
            "sample_rate": 22050
        },
        {
            "file": "thor_m\\THROW.wav",
            "format": 106,
            "sample_rate": 22050
        },
        {
            "file": "thor_m\\flybegin.wav",
            "format": 106,
            "sample_rate": 22050
        },
        {
            "file": "thor_m\\flyend.wav",
            "format": 106,
            "sample_rate": 22050
        },
        {
            "file": "thor_m\\p1_charge_loop.wav",
            "format": 106,
            "sample_rate": 22050,
            "flags": 1
        }
    ]
}