<MISSION act="1">
    <OBJECTIVE descname="Hacking In-Progress" description="Talk to Vision, Black Widow, and Nick Fury to find the correct password for Weasel." enabled="false" major="false" name="stark_obj10" optional="true" parentname="stark_obj0" rep="5" type="normal" zone="stark2"/>
    <OBJECTIVE descname="Cyber Speak" description="Find Dr. Pym's cybernetic helmet on the Omega Base and return it to him at Stark Tower." enabled="false" major="false" name="stark_obj20" optional="true" parentname="stark_obj0" rep="10" type="normal" zone="stark1"/>
    <OBJECTIVE descname="Electronic Secrets" description="Get the decryption module from Black Widow and take it to The Vision." enabled="false" major="false" name="stark_obj30" optional="true" parentname="stark_obj0" rep="5" type="normal" zone="stark1"/>
    <OBJECTIVE descname="Problematic Schematic" description="Find the Ultimo schematics from the Mandarin's Palace and give them to Colonel Fury at Stark Tower." enabled="false" major="false" name="stark_obj40" optional="true" parentname="stark_obj0" rep="10" type="normal" zone="stark1"/>
    <OBJECTIVE descname="Data Stream" description="Ask Dr. Pym to look at the Quinjet's data feed for Wyatt Wingfoot." enabled="false" major="false" name="stark_obj50" optional="true" parentname="stark_obj0" rep="5" type="normal" zone="stark1"/>
    <OBJECTIVE descname="Link to the Past" description="Find Tony Stark's missing cufflink and return it to Edwin Jarvis." enabled="false" major="false" name="stark_obj60" optional="true" parentname="stark_obj0" rep="5" type="normal" zone="stark1"/>
    <OBJECTIVE descname="When Loyalty Calls" description="Talk to Dr. Pym and Vision, then return to Weasel to give him the name of a hacker he can trust." enabled="false" major="false" name="stark_obj70" optional="true" parentname="stark_obj0" rep="5" type="normal" zone="stark2"/>
    <OBJECTIVE descname="Stark Tower Mission" enabled="false" major="true" name="stark_obj0" type="normal"/>
</MISSION>
