<MISSIONS maxmissions="25" maxquestsperact="75" maxtotalquests="300">
    <MISSION name="act1_heli"/>
    <MISSION name="act1_stark"/>
    <MISSION name="act1_omega"/>
    <MISSION name="act1_atlantis"/>
    <MISSION name="act1_mandarin"/>
    <MISSION name="act2_strange"/>
    <MISSION name="act2_murder"/>
    <MISSION name="act2_mephisto"/>
    <MISSION name="act3_asgard"/>
    <MISSION name="act3_bifrost"/>
    <MISSION name="act3_valhalla"/>
    <MISSION name="act3_niffleheim"/>
    <MISSION name="act4_shiar"/>
    <MISSION name="act4_attilan"/>
    <MISSION name="act4_skrull"/>
    <MISSION name="act5_doomstark"/>
    <MISSION name="act5_doom"/>
</MISSIONS>
